filtered_time,future_angle,delta_time,gps_latitude,gps_longitude,corrected_latitude,corrected_longitude
0.0,180.0,0.0,53.22954501910417,10.40527019884735,53.2295966,10.4053239
9.578549124998972,270.0,9.578549124998972,53.2294730957978,10.40535727779758,53.2295037,10.4053357
23.479985958430916,270.0,13.901436833431944,53.2294739679708,10.40504788571792,53.2294835,10.4050846
34.20195833337493,360.0,10.721972374944016,53.22946879764528,10.40484119775637,53.2294804,10.4048623
65.41510020836722,270.0,31.21314187499229,53.22985485565915,10.4047848041149,53.2298517,10.4047826
71.91451520833652,180.0,6.499414999969304,53.22984774004602,10.4046962544019,53.229847,10.4046903
92.65651270840317,90.0,20.741997500066645,53.22961942312719,10.40475455428456,53.2295982,10.4047287
107.90207958337851,90.0,15.245566874975339,53.22962780358129,10.40500194121227,53.2296167,10.4050307
112.93713012500666,,5.035050541628152,53.22963284838301,10.40509183384354,53.2296167,10.4050307
